Nr,Kategorija,Juridinis_kodas,Mokykla,Istaigos_tipas,Savivaldybe,Adresas,Tikrinti,Istaigos_statusas,Aptikimo_saltinis,Aptikimo_data,Pastabos
1,Mokyklos-darželiai,191635156,Kauno mokykla-darželis Rūtelė,,Kaunas,,NE,Nerasta,VDA Švietimo ir mokslo institucijų duomenys,2026-09-02,Šaltinyje nerasta
2,Mokyklos-darželiai,191634816,Kauno mokykla-darželis Šviesa,,Kaunas,,NE,Nerasta,VDA Švietimo ir mokslo institucijų duomenys,2026-09-02,Šaltinyje nerasta
3,Mokyklos-darželiai,191094715,Kauno Tirkiliškių mokykla-darželis,,Kaunas,,NE,Nerasta,VDA Švietimo ir mokslo institucijų duomenys,2026-09-02,Šaltinyje nerasta
4,Mokyklos-darželiai,290140580,Kauno Motiejaus Valančiaus mokykla-darželis,,Kaunas,,NE,Nerasta,VDA Švietimo ir mokslo institucijų duomenys,2026-09-02,Šaltinyje nerasta
5,Mokyklos-darželiai,191846114,Kauno Montesori mokykla-darželis Žiburėlis,,Kaunas,,NE,Nerasta,VDA Švietimo ir mokslo institucijų duomenys,2026-09-02,Šaltinyje nerasta
6,Pradinės mokyklos,191642688,Kauno Prano Mašioto pradinė mokykla,,Kaunas,,NE,Nerasta,VDA Švietimo ir mokslo institucijų duomenys,2026-09-02,Šaltinyje nerasta
7,Pradinės mokyklos,190140622,Kauno Paparčio pradinė mokykla,,Kaunas,,NE,Nerasta,VDA Švietimo ir mokslo institucijų duomenys,2026-09-02,Šaltinyje nerasta
8,Pradinės mokyklos,191828963,Kauno Ryto pradinė mokykla,,Kaunas,,NE,Nerasta,VDA Švietimo ir mokslo institucijų duomenys,2026-09-02,Šaltinyje nerasta
9,Pradinės mokyklos,191829150,Kauno Šilo pradinė mokykla,,Kaunas,,NE,Nerasta,VDA Švietimo ir mokslo institucijų duomenys,2026-09-02,Šaltinyje nerasta
10,Pradinės mokyklos,195096037,Kauno Varpelio pradinė mokykla,,Kaunas,,NE,Nerasta,VDA Švietimo ir mokslo institucijų duomenys,2026-09-02,Šaltinyje nerasta
11,Progimnazijos,290136920,Vytauto Didžiojo universiteto Atžalyno progimnazija,,Kaunas,,NE,Nerasta,VDA Švietimo ir mokslo institucijų duomenys,2026-09-02,Šaltinyje nerasta
12,Progimnazijos,190136734,Kauno Simono Daukanto progimnazija,,Kaunas,,NE,Nerasta,VDA Švietimo ir mokslo institucijų duomenys,2026-09-02,Šaltinyje nerasta
13,Progimnazijos,190135785,Kauno Jurgio Dobkevičiaus progimnazija,,Kaunas,,NE,Nerasta,VDA Švietimo ir mokslo institucijų duomenys,2026-09-02,Šaltinyje nerasta
14,Progimnazijos,190138938,Kauno Kazio Griniaus progimnazija,,Kaunas,,NE,Nerasta,VDA Švietimo ir mokslo institucijų duomenys,2026-09-02,Šaltinyje nerasta
15,Progimnazijos,190139278,Kauno Tado Ivanausko progimnazija,,Kaunas,,NE,Nerasta,VDA Švietimo ir mokslo institucijų duomenys,2026-09-02,Šaltinyje nerasta
16,Progimnazijos,190138219,Kauno šv. Kazimiero progimnazija,,Kaunas,,NE,Nerasta,VDA Švietimo ir mokslo institucijų duomenys,2026-09-02,Šaltinyje nerasta
17,Progimnazijos,190134345,Kauno Vinco Kudirkos progimnazija,,Kaunas,,NE,Nerasta,VDA Švietimo ir mokslo institucijų duomenys,2026-09-02,Šaltinyje nerasta
18,Progimnazijos,190137455,Kauno Viktoro Kuprevičiaus progimnazija,,Kaunas,,NE,Nerasta,VDA Švietimo ir mokslo institucijų duomenys,2026-09-02,Šaltinyje nerasta
19,Progimnazijos,190138176,Kauno Martyno Mažvydo progimnazija,progimnazija,Kaunas,"A. Mickevičiaus g. 54, Kaunas",TAIP,Aktyvi,VDA Švietimo ir mokslo institucijų duomenys,2026-09-02,
20,Progimnazijos,190139997,Kauno Milikonių progimnazija,,Kaunas,,NE,Nerasta,VDA Švietimo ir mokslo institucijų duomenys,2026-09-02,Šaltinyje nerasta
21,Progimnazijos,190140775,Kauno Panemunės progimnazija,,Kaunas,,NE,Nerasta,VDA Švietimo ir mokslo institucijų duomenys,2026-09-02,Šaltinyje nerasta
22,Progimnazijos,191824947,Kauno Petrašiūnų progimnazija,,Kaunas,,NE,Nerasta,VDA Švietimo ir mokslo institucijų duomenys,2026-09-02,Šaltinyje nerasta
23,Progimnazijos,190138742,Kauno Pilėnų progimnazija,,Kaunas,,NE,Nerasta,VDA Švietimo ir mokslo institucijų duomenys,2026-09-02,Šaltinyje nerasta
24,Progimnazijos,191816085,Kauno Senamiesčio progimnazija,,Kaunas,,NE,Nerasta,VDA Švietimo ir mokslo institucijų duomenys,2026-09-02,Šaltinyje nerasta
25,Progimnazijos,191824228,Kauno Suzuki progimnazija,,Kaunas,,NE,Nerasta,VDA Švietimo ir mokslo institucijų duomenys,2026-09-02,Šaltinyje nerasta
26,Progimnazijos,190137074,Kauno Juozo Urbšio progimnazija,,Kaunas,,NE,Nerasta,VDA Švietimo ir mokslo institucijų duomenys,2026-09-02,Šaltinyje nerasta
27,Progimnazijos,190134498,Kauno technologijos universiteto Vaižganto progimnazija,,Kaunas,,NE,Nerasta,VDA Švietimo ir mokslo institucijų duomenys,2026-09-02,Šaltinyje nerasta
28,Progimnazijos,190135970,Kauno Žaliakalnio progimnazija,,Kaunas,,NE,Nerasta,VDA Švietimo ir mokslo institucijų duomenys,2026-09-02,Šaltinyje nerasta
29,Daugiafunkciai centrai,190138361,Kauno Bernardo Brazdžionio mokykla,,Kaunas,,NE,Nerasta,VDA Švietimo ir mokslo institucijų duomenys,2026-09-02,Šaltinyje nerasta
30,Daugiafunkciai centrai,190136168,Kauno Nemuno mokykla,,Kaunas,,NE,Nerasta,VDA Švietimo ir mokslo institucijų duomenys,2026-09-02,Šaltinyje nerasta
31,Daugiafunkciai centrai,190138023,Kauno Aleksandro Stulginskio mokykla,,Kaunas,,NE,Nerasta,VDA Švietimo ir mokslo institucijų duomenys,2026-09-02,Šaltinyje nerasta
32,Daugiafunkciai centrai,191090994,Kauno Vaišvydavos mokykla,,Kaunas,,NE,Nerasta,VDA Švietimo ir mokslo institucijų duomenys,2026-09-02,Šaltinyje nerasta
33,Daugiafunkciai centrai,190136549,Kauno Jono ir Petro Vileišių mokykla,mokykla,Kaunas,"Partizanų g. 68, Kaunas",TAIP,Aktyvi,VDA Švietimo ir mokslo institucijų duomenys,2026-09-02,
34,Daugiafunkciai centrai,190134530,Vytauto Didžiojo universiteto klasikinio ugdymo licėjus,,Kaunas,,NE,Nerasta,VDA Švietimo ir mokslo institucijų duomenys,2026-09-02,Šaltinyje nerasta
35,Suaugusiųjų mokyklos,295093070,Kauno suaugusiųjų ir jaunimo mokymo centras,,Kaunas,,NE,Nerasta,VDA Švietimo ir mokslo institucijų duomenys,2026-09-02,Šaltinyje nerasta
36,Gimnazijos,190133777,Kauno Aušros gimnazija,,Kaunas,,NE,Nerasta,VDA Švietimo ir mokslo institucijų duomenys,2026-09-02,Šaltinyje nerasta
37,Gimnazijos,190139463,Kauno Jono Basanavičiaus gimnazija,,Kaunas,,NE,Nerasta,VDA Švietimo ir mokslo institucijų duomenys,2026-09-02,Šaltinyje nerasta
38,Gimnazijos,290134150,Kauno Stepono Dariaus ir Stasio Girėno gimnazija,,Kaunas,,NE,Nerasta,VDA Švietimo ir mokslo institucijų duomenys,2026-09-02,Šaltinyje nerasta
39,Gimnazijos,190133962,Kauno Gedimino sporto ir sveikatinimo gimnazija,,Kaunas,,NE,Nerasta,VDA Švietimo ir mokslo institucijų duomenys,2026-09-02,Šaltinyje nerasta
40,Gimnazijos,190139659,Kauno Juozo Grušo meno gimnazija,,Kaunas,,NE,Nerasta,VDA Švietimo ir mokslo institucijų duomenys,2026-09-02,Šaltinyje nerasta
41,Gimnazijos,191825091,Kauno Jono Jablonskio gimnazija,,Kaunas,,NE,Nerasta,VDA Švietimo ir mokslo institucijų duomenys,2026-09-02,Šaltinyje nerasta
42,Gimnazijos,190136353,Kauno technologijos universiteto inžinerijos licėjus,,Kaunas,,NE,Nerasta,VDA Švietimo ir mokslo institucijų duomenys,2026-09-02,Šaltinyje nerasta
43,Gimnazijos,190136691,Kauno Kovo 11-osios gimnazija,,Kaunas,,NE,Nerasta,VDA Švietimo ir mokslo institucijų duomenys,2026-09-02,Šaltinyje nerasta
44,Gimnazijos,290133810,Kauno Maironio universitetinė gimnazija,,Kaunas,,NE,Nerasta,VDA Švietimo ir mokslo institucijų duomenys,2026-09-02,Šaltinyje nerasta
45,Gimnazijos,190137989,Kauno Palemono gimnazija,,Kaunas,,NE,Nerasta,VDA Švietimo ir mokslo institucijų duomenys,2026-09-02,Šaltinyje nerasta
46,Gimnazijos,190135447,Prezidento Valdo Adamkaus gimnazija,,Kaunas,,NE,Nerasta,VDA Švietimo ir mokslo institucijų duomenys,2026-09-02,Šaltinyje nerasta
47,Gimnazijos,300594100,Kauno tarptautinė gimnazija,,Kaunas,,NE,Nerasta,VDA Švietimo ir mokslo institucijų duomenys,2026-09-02,Šaltinyje nerasta
48,Gimnazijos,190138557,Vytauto Didžiojo universiteto Rasos gimnazija,,Kaunas,,NE,Nerasta,VDA Švietimo ir mokslo institucijų duomenys,2026-09-02,Šaltinyje nerasta
49,Gimnazijos,191090841,Prezidento Antano Smetonos gimnazija,,Kaunas,,NE,Nerasta,VDA Švietimo ir mokslo institucijų duomenys,2026-09-02,Šaltinyje nerasta
50,Gimnazijos,190139844,Kauno Santaros gimnazija,,Kaunas,,NE,Nerasta,VDA Švietimo ir mokslo institucijų duomenys,2026-09-02,Šaltinyje nerasta
51,Gimnazijos,190134683,Kauno Saulės gimnazija,,Kaunas,,NE,Nerasta,VDA Švietimo ir mokslo institucijų duomenys,2026-09-02,Šaltinyje nerasta
52,Gimnazijos,190138895,Kauno Varpo gimnazija,,Kaunas,,NE,Nerasta,VDA Švietimo ir mokslo institucijų duomenys,2026-09-02,Šaltinyje nerasta
53,Gimnazijos,190135828,Kauno Veršvų gimnazija,,Kaunas,,NE,Nerasta,VDA Švietimo ir mokslo institucijų duomenys,2026-09-02,Šaltinyje nerasta
54,Gimnazijos,190136887,Kauno Vyturio gimnazija,,Kaunas,,NE,Nerasta,VDA Švietimo ir mokslo institucijų duomenys,2026-09-02,Šaltinyje nerasta
55,Specialiosios mokyklos ir ugdymo centrai,190983430,Kauno Prano Daunio ugdymo centras,,Kaunas,,NE,Nerasta,VDA Švietimo ir mokslo institucijų duomenys,2026-09-02,Šaltinyje nerasta
56,Specialiosios mokyklos ir ugdymo centrai,290983050,Kauno Jono Laužiko mokykla,,Kaunas,,NE,Nerasta,VDA Švietimo ir mokslo institucijų duomenys,2026-09-02,Šaltinyje nerasta
57,Specialiosios mokyklos ir ugdymo centrai,190797479,Kauno šv. Roko mokykla,,Kaunas,,NE,Nerasta,VDA Švietimo ir mokslo institucijų duomenys,2026-09-02,Šaltinyje nerasta
